<application>
  <component name="FileTypeManager" version="18">
    <extensionMap>
      <mapping pattern="klaxoon_kit_unit_test" type="AUTO_DETECTED" />
      <mapping pattern="klaxoon_kit_php_bash" type="AUTO_DETECTED" />
      <mapping pattern="docker-cmd-wrapper" type="AUTO_DETECTED" />
      <mapping pattern="klaxoon_kit_build" type="AUTO_DETECTED" />
      <mapping pattern="config" type="AUTO_DETECTED" />
      <mapping ext="template" type="Ini" />
      <mapping pattern=".php_cs" type="PHP" />
      <mapping ext="alpine" type="PLAIN_TEXT" />
      <mapping ext="plantuml" type="PlantUML file" />
      <mapping ext="list" type="Twig" />
      <removed_mapping ext="ignore" approved="true" type="IgnoreLang file" />
    </extensionMap>
  </component>
</application>